1,91299218386,Jazmine,Bolton,Bolton@gmail.com,05698026100,JazmineBolton123,1969,0
2,12943483610,Dale,May,May@gmail.com,05738465965,DaleMay123,1965,6
3,17681645619,Calvin,Bryant,Bryant@gmail.com,05195831044,CalvinBryant123,1960,8
4,25410970404,Magdalena,Phillips,Phillips@gmail.com,05510915582,MagdalenaPhillips123,1946,8
5,51920907716,Krish,Farmer,Farmer@gmail.com,05795225910,KrishFarmer123,1949,0
6,46593172803,Marisol,Salas,Salas@gmail.com,05553218092,MarisolSalas123,1976,2
7,36862755349,Elian,Petersen,Petersen@gmail.com,05420255586,ElianPetersen123,1963,3
8,85460679131,Bailey,Arias,Arias@gmail.com,05442678256,BaileyArias123,1920,0
9,34904573788,Kelsie,Wu,Wu@gmail.com,05514446005,KelsieWu123,1933,3
10,74192934508,Ayden,Barajas,Barajas@gmail.com,05437615246,AydenBarajas123,1986,8
11,28476945537,Lukas,Holmes,Holmes@gmail.com,05590154350,LukasHolmes123,1922,4
12,58005527352,Tony,Flowers,Flowers@gmail.com,05869160692,TonyFlowers123,1955,8
13,47590483628,Arianna,Welch,Welch@gmail.com,05595529643,AriannaWelch123,1988,2
14,86663101572,Mikayla,Chandler,Chandler@gmail.com,05595408171,MikaylaChandler123,1938,6
15,70728153567,Heaven,Mullins,Mullins@gmail.com,05528322576,HeavenMullins123,1981,0
16,75767985136,June,Pollard,Pollard@gmail.com,05736518860,JunePollard123,1976,10
17,10929904765,Elaine,Good,Good@gmail.com,05803415534,ElaineGood123,1936,1
18,48617019362,Averie,Morton,Morton@gmail.com,05643325522,AverieMorton123,1962,10
19,64892291104,Alexander,Case,Case@gmail.com,05215289012,AlexanderCase123,1973,4
20,58289846007,Rex,Blake,Blake@gmail.com,05986315360,RexBlake123,1933,8
21,39565320166,Harper,Morse,Morse@gmail.com,05785248211,HarperMorse123,1976,8
22,54583526806,Braydon,Krueger,Krueger@gmail.com,05241984985,BraydonKrueger123,1940,4
23,56943359585,Esperanza,Kirk,Kirk@gmail.com,05693457446,EsperanzaKirk123,1943,6
24,24618515983,Rowan,Dudley,Dudley@gmail.com,05960471776,RowanDudley123,1931,10
25,20335626866,Erik,Lutz,Lutz@gmail.com,05257496175,ErikLutz123,1944,4
26,78335837866,Duncan,Zamora,Zamora@gmail.com,05438557420,DuncanZamora123,1977,3
27,85739135010,Ally,Neal,Neal@gmail.com,05934145324,AllyNeal123,1985,8
28,61940309686,Sam,Sweeney,Sweeney@gmail.com,05826157084,SamSweeney123,1949,8
29,70130626239,Reid,Bishop,Bishop@gmail.com,05471402138,ReidBishop123,1937,4
30,12797954322,Amina,Duarte,Duarte@gmail.com,05984596227,AminaDuarte123,1968,10
31,18770522655,Olive,Cervantes,Cervantes@gmail.com,05103554754,OliveCervantes123,1940,2
32,44509247669,Shannon,Mcpherson,Mcpherson@gmail.com,05993189216,ShannonMcpherson123,1971,9
33,64546361476,Tamara,Branch,Branch@gmail.com,05409708369,TamaraBranch123,1971,8
34,46993162560,Kendra,Irwin,Irwin@gmail.com,05258304931,KendraIrwin123,1963,1
35,99220812225,Maribel,Barrett,Barrett@gmail.com,05708888510,MaribelBarrett123,1946,4
36,28164949635,Abril,Bowen,Bowen@gmail.com,05744547218,AbrilBowen123,1920,1
37,85523564668,Phoebe,Knox,Knox@gmail.com,05746486912,PhoebeKnox123,1980,10
38,20488163507,Gilberto,Beard,Beard@gmail.com,05688752524,GilbertoBeard123,1926,2
39,78068654813,Timothy,Hebert,Hebert@gmail.com,05420324954,TimothyHebert123,1944,4
40,37428313962,Sara,Wyatt,Wyatt@gmail.com,05405009194,SaraWyatt123,1963,0
41,20792896371,Collin,Kirby,Kirby@gmail.com,05232091091,CollinKirby123,1943,7
42,32728112927,Clay,Daniel,Daniel@gmail.com,05196982203,ClayDaniel123,1921,7
43,19487222585,Jamie,Mason,Mason@gmail.com,05374619598,JamieMason123,1974,5
44,63313778596,Kaila,Cordova,Cordova@gmail.com,05312070692,KailaCordova123,1979,2
45,33607694011,Jimmy,Barton,Barton@gmail.com,05874197548,JimmyBarton123,1948,1
46,77587795887,Jazlene,Robinson,Robinson@gmail.com,05738790775,JazleneRobinson123,1956,8
47,76872555766,Violet,Lambert,Lambert@gmail.com,05400372736,VioletLambert123,1968,2
48,35072244233,Dorian,Mcclure,Mcclure@gmail.com,05824789021,DorianMcclure123,1926,7
49,28598936885,Keegan,Butler,Butler@gmail.com,05544378297,KeeganButler123,1971,6
50,88173454000,Amaris,Stephenson,Stephenson@gmail.com,05504255548,AmarisStephenson123,1949,1
51,17054376859,Ann,Coleman,Coleman@gmail.com,05459080251,AnnColeman123,1926,7
52,92811176690,Terrence,Simpson,Simpson@gmail.com,05660905102,TerrenceSimpson123,1958,3
53,49104636875,Evangeline,Huffman,Huffman@gmail.com,05985909091,EvangelineHuffman123,1944,1
54,86433238925,Brian,Wheeler,Wheeler@gmail.com,05960733991,BrianWheeler123,1938,10
55,21687880735,Darien,Wong,Wong@gmail.com,05813569825,DarienWong123,1964,4
56,29622031770,Fisher,Schwartz,Schwartz@gmail.com,05444908347,FisherSchwartz123,1981,4
57,69752560289,Jeremiah,Price,Price@gmail.com,05745582872,JeremiahPrice123,1929,7
58,86455513694,Warren,Garner,Garner@gmail.com,05931299135,WarrenGarner123,1953,2
59,89584029456,Diego,Wallace,Wallace@gmail.com,05555707751,DiegoWallace123,1960,7
60,24460460782,Sierra,Shannon,Shannon@gmail.com,05414086212,SierraShannon123,1952,6
61,93860224595,Valeria,Nolan,Nolan@gmail.com,05494261141,ValeriaNolan123,1920,0
62,63274549822,Abdiel,Perry,Perry@gmail.com,05458907834,AbdielPerry123,1927,10
63,82796757897,Jaxson,Newton,Newton@gmail.com,05499354947,JaxsonNewton123,1980,6
64,86303865244,Dane,Mccullough,Mccullough@gmail.com,05993348996,DaneMccullough123,1923,4
65,48115148484,Antwan,Maynard,Maynard@gmail.com,05437475459,AntwanMaynard123,1921,9
66,17619547376,Quinton,Parks,Parks@gmail.com,05316124008,QuintonParks123,1971,4
67,85787409828,Bo,Marks,Marks@gmail.com,05491553204,BoMarks123,1932,8
68,69136237342,Aileen,Small,Small@gmail.com,05739993265,AileenSmall123,1983,2
69,91187738357,Lilah,Briggs,Briggs@gmail.com,05588901288,LilahBriggs123,1943,7
70,73537786572,Sheldon,Villegas,Villegas@gmail.com,05212033745,SheldonVillegas123,1940,4
71,45633076249,Royce,Boone,Boone@gmail.com,05229318140,RoyceBoone123,1934,8
72,59833645069,Jennifer,Smith,Smith@gmail.com,05519759764,JenniferSmith123,1947,1
73,63174555758,Aubrie,Zimmerman,Zimmerman@gmail.com,05125225143,AubrieZimmerman123,1919,10
74,33250416370,Myla,Mooney,Mooney@gmail.com,05976556677,MylaMooney123,1979,7
75,43922861501,Allie,Campbell,Campbell@gmail.com,05100079917,AllieCampbell123,1976,3
76,69849419882,Shania,Landry,Landry@gmail.com,05305613285,ShaniaLandry123,1977,4
77,48780587298,Abdullah,Goodman,Goodman@gmail.com,05593688427,AbdullahGoodman123,1953,0
78,13905509232,Mikaela,Reilly,Reilly@gmail.com,05515996631,MikaelaReilly123,1978,5
79,81416218031,Gracie,Day,Day@gmail.com,05196351923,GracieDay123,1929,6
80,34969786301,Valerie,Yates,Yates@gmail.com,05137459059,ValerieYates123,1921,1
81,38011043577,Heather,Walter,Walter@gmail.com,05610281280,HeatherWalter123,1964,9
82,35196868902,Kiara,Weeks,Weeks@gmail.com,05401968830,KiaraWeeks123,1954,7
83,51961428509,Shane,Shepard,Shepard@gmail.com,05167122700,ShaneShepard123,1972,2
84,21201635056,Allan,Andersen,Andersen@gmail.com,05444658201,AllanAndersen123,1927,0
85,76352983031,Helena,Warner,Warner@gmail.com,05606559782,HelenaWarner123,1975,2
86,17109101264,Deshawn,Mclaughlin,Mclaughlin@gmail.com,05373884764,DeshawnMclaughlin123,1971,9
87,18021394416,Colten,Archer,Archer@gmail.com,05113747940,ColtenArcher123,1959,10
88,31474874227,Lacey,Salinas,Salinas@gmail.com,05377882545,LaceySalinas123,1940,0
89,72242988304,Adrien,Osborn,Osborn@gmail.com,05303960469,AdrienOsborn123,1978,2
90,10295891079,Lesly,Knight,Knight@gmail.com,05435605311,LeslyKnight123,1988,5
91,31335320176,Tanya,Fry,Fry@gmail.com,05850856651,TanyaFry123,1949,5
92,81269704638,Sasha,Cook,Cook@gmail.com,05938544045,SashaCook123,1986,5
93,21103459461,Dax,Hayden,Hayden@gmail.com,05571362594,DaxHayden123,1967,3
94,77510635549,Makayla,Booth,Booth@gmail.com,05651699504,MakaylaBooth123,1951,1
95,46419577193,Amelie,Elliott,Elliott@gmail.com,05556797353,AmelieElliott123,1958,0
96,78382168257,Lea,George,George@gmail.com,05174804065,LeaGeorge123,1953,7
97,59407190415,Agustin,Quinn,Quinn@gmail.com,05184205339,AgustinQuinn123,1939,8
98,18097816440,Terrance,Molina,Molina@gmail.com,05919810270,TerranceMolina123,1929,10
99,77285534547,Delilah,Blevins,Blevins@gmail.com,05767089515,DelilahBlevins123,1957,4
100,98282233417,Jamarion,Campos,Campos@gmail.com,05378940027,JamarionCampos123,1924,1
101,78711360278,Brooklyn,Strong,Strong@gmail.com,05243001649,BrooklynStrong123,1977,1
102,80695000406,Blaze,Salazar,Salazar@gmail.com,05137047451,BlazeSalazar123,1952,6
103,34873888318,Korbin,Arellano,Arellano@gmail.com,05846030827,KorbinArellano123,1974,8
104,39914677493,Parker,Decker,Decker@gmail.com,05638956770,ParkerDecker123,1939,10
105,84083123677,Johnathon,Mcdaniel,Mcdaniel@gmail.com,05286842861,JohnathonMcdaniel123,1975,7
106,25438814630,Israel,Zhang,Zhang@gmail.com,05541764520,IsraelZhang123,1932,9
107,82699881320,Regan,Dougherty,Dougherty@gmail.com,05831881689,ReganDougherty123,1941,8
108,24032440823,Toby,Maldonado,Maldonado@gmail.com,05210096757,TobyMaldonado123,1956,1
109,62271037606,Brianna,Diaz,Diaz@gmail.com,05990639415,BriannaDiaz123,1940,9
110,38708355689,Alex,Macias,Macias@gmail.com,05409709898,AlexMacias123,1952,8
111,75806296770,Kiley,Calhoun,Calhoun@gmail.com,05677688395,KileyCalhoun123,1963,6
112,60413402225,Rosemary,Pierce,Pierce@gmail.com,05463960617,RosemaryPierce123,1958,8
113,24758614821,Tia,Sanchez,Sanchez@gmail.com,05496795201,TiaSanchez123,1979,4
114,63355230261,Elaina,Cortez,Cortez@gmail.com,05368315191,ElainaCortez123,1918,7
115,98516663318,Paxton,Schaefer,Schaefer@gmail.com,05579687986,PaxtonSchaefer123,1928,10
116,15008605996,Demetrius,Oconnor,Oconnor@gmail.com,05196108926,DemetriusOconnor123,1927,10
117,78712364675,Kasen,Pace,Pace@gmail.com,05991200795,KasenPace123,1978,7
118,13363015558,Madden,Camacho,Camacho@gmail.com,05472353556,MaddenCamacho123,1950,2
119,22551914716,Jayce,Potts,Potts@gmail.com,05458517144,JaycePotts123,1942,10
120,83427452154,Virginia,Webster,Webster@gmail.com,05223612214,VirginiaWebster123,1937,6
121,63632177772,Bianca,Wood,Wood@gmail.com,05962048824,BiancaWood123,1964,9
122,54527957385,Zechariah,York,York@gmail.com,05801896926,ZechariahYork123,1919,5
123,91906496725,Stephen,Roth,Roth@gmail.com,05200080908,StephenRoth123,1967,4
124,30554755627,Dennis,Sawyer,Sawyer@gmail.com,05156547486,DennisSawyer123,1962,6
125,41506478614,Baron,Lucas,Lucas@gmail.com,05246971145,BaronLucas123,1976,7
126,12052383062,Kameron,Castillo,Castillo@gmail.com,05100250873,KameronCastillo123,1950,4
127,29347332579,Jose,Kelly,Kelly@gmail.com,05554200463,JoseKelly123,1969,10
128,86256957005,Addyson,Palmer,Palmer@gmail.com,05399664622,AddysonPalmer123,1919,10
129,91238233417,Cayden,Collier,Collier@gmail.com,05587662580,CaydenCollier123,1931,0
130,36994255949,Jeffrey,Rios,Rios@gmail.com,05778120901,JeffreyRios123,1984,3
131,58313648058,Yair,Stanton,Stanton@gmail.com,05467314690,YairStanton123,1968,8
132,36099869370,Ashlynn,Hale,Hale@gmail.com,05496267184,AshlynnHale123,1922,0
133,96674149079,Raven,Espinoza,Espinoza@gmail.com,05436907269,RavenEspinoza123,1976,10
134,87258183298,Davon,Meyers,Meyers@gmail.com,05240386117,DavonMeyers123,1958,6
135,40141744792,Kieran,Carter,Carter@gmail.com,05984116966,KieranCarter123,1985,6
136,76230413109,Zaniyah,Pitts,Pitts@gmail.com,05285550793,ZaniyahPitts123,1942,6
137,32971803228,Eva,Johnson,Johnson@gmail.com,05146508317,EvaJohnson123,1963,4
138,60303651413,Jakob,Cox,Cox@gmail.com,05158688880,JakobCox123,1959,10
139,88999081915,Marlon,Terry,Terry@gmail.com,05682087790,MarlonTerry123,1928,7
140,83117957154,Santino,Nixon,Nixon@gmail.com,05142344119,SantinoNixon123,1931,5
141,78021397257,Demarion,Silva,Silva@gmail.com,05510045728,DemarionSilva123,1965,8
142,34814439630,Gideon,Cooke,Cooke@gmail.com,05947180721,GideonCooke123,1943,5
143,90906889713,Haleigh,Mcgee,Mcgee@gmail.com,05477786470,HaleighMcgee123,1985,7
144,45376751246,Colt,Luna,Luna@gmail.com,05672688158,ColtLuna123,1974,8
145,37972481563,Adrian,Sanford,Sanford@gmail.com,05690131235,AdrianSanford123,1931,6
146,71646955287,Esmeralda,Mullen,Mullen@gmail.com,05189112746,EsmeraldaMullen123,1977,1
147,50074865761,Chaim,Conner,Conner@gmail.com,05465457677,ChaimConner123,1918,1
148,41827374811,Peter,Bowers,Bowers@gmail.com,05670948818,PeterBowers123,1946,9
149,67126430824,Nora,Key,Key@gmail.com,05748196275,NoraKey123,1926,7
150,92575974317,Andres,Gomez,Gomez@gmail.com,05856153173,AndresGomez123,1931,10
151,90882707850,Keagan,Pruitt,Pruitt@gmail.com,05364869648,KeaganPruitt123,1937,7
152,70499621155,Ronan,Huang,Huang@gmail.com,05315785151,RonanHuang123,1931,6
153,66825359417,Sydnee,Blair,Blair@gmail.com,05499035513,SydneeBlair123,1919,0
154,77150085533,Ruby,Dunlap,Dunlap@gmail.com,05712212643,RubyDunlap123,1979,5
155,64664384792,Zain,Mcneil,Mcneil@gmail.com,05619543718,ZainMcneil123,1963,3
156,29391159502,Deacon,David,David@gmail.com,05752811375,DeaconDavid123,1961,0
157,95962335846,Annie,Finley,Finley@gmail.com,05381639033,AnnieFinley123,1924,3
158,80508477483,Conrad,Reese,Reese@gmail.com,05163712836,ConradReese123,1983,9
159,20445494781,Ireland,Collins,Collins@gmail.com,05844609054,IrelandCollins123,1982,4
160,37898750867,Julissa,Mcmahon,Mcmahon@gmail.com,05408024495,JulissaMcmahon123,1936,7
161,99497824644,Jadyn,Marshall,Marshall@gmail.com,05881094698,JadynMarshall123,1920,0
162,83048491327,Kyle,Anderson,Anderson@gmail.com,05611337660,KyleAnderson123,1944,6
163,20270079350,Cali,Ritter,Ritter@gmail.com,05407415438,CaliRitter123,1953,8
164,45238979063,Drew,Reid,Reid@gmail.com,05265696744,DrewReid123,1960,10
165,21820198234,Theresa,Bass,Bass@gmail.com,05821745930,TheresaBass123,1922,0
166,15274956799,Samson,Austin,Austin@gmail.com,05879597481,SamsonAustin123,1930,5
167,44672760787,Emilio,Whitney,Whitney@gmail.com,05955025341,EmilioWhitney123,1952,5
168,34045529925,Nigel,Morgan,Morgan@gmail.com,05400192737,NigelMorgan123,1937,4
169,14865756337,Aleah,Lynn,Lynn@gmail.com,05771918954,AleahLynn123,1943,7
170,31244369980,Jacob,Potter,Potter@gmail.com,05803927778,JacobPotter123,1944,8
171,38319768763,Tianna,Navarro,Navarro@gmail.com,05323570945,TiannaNavarro123,1953,3
172,89518889357,Semaj,Tyler,Tyler@gmail.com,05874534506,SemajTyler123,1980,6
173,85633151582,Patrick,Obrien,Obrien@gmail.com,05462648958,PatrickObrien123,1985,10
174,27441246394,Ryann,Braun,Braun@gmail.com,05732483780,RyannBraun123,1962,5
175,97703369759,Cristian,Chapman,Chapman@gmail.com,05629791003,CristianChapman123,1931,9
176,75702450347,Dayton,Noble,Noble@gmail.com,05724547943,DaytonNoble123,1986,4
177,69384335686,Taryn,Sharp,Sharp@gmail.com,05273325039,TarynSharp123,1935,6
178,16467187145,Rey,Phelps,Phelps@gmail.com,05539357653,ReyPhelps123,1984,6
179,38185639704,Geovanni,Oneill,Oneill@gmail.com,05757290674,GeovanniOneill123,1949,7
180,86452507531,Tess,Sutton,Sutton@gmail.com,05730152112,TessSutton123,1955,4
181,57476183971,Deon,Livingston,Livingston@gmail.com,05401520920,DeonLivingston123,1978,9
182,97804126392,Mathew,Christian,Christian@gmail.com,05474877383,MathewChristian123,1965,5
183,21223018502,Evelin,Bernard,Bernard@gmail.com,05616367638,EvelinBernard123,1919,8
184,94019453557,Mireya,Haynes,Haynes@gmail.com,05179745172,MireyaHaynes123,1945,9
185,93011202338,Deanna,Hill,Hill@gmail.com,05649883141,DeannaHill123,1923,10
186,57927435015,Paulina,Thornton,Thornton@gmail.com,05929551169,PaulinaThornton123,1954,3
187,28689082366,Adelyn,Martin,Martin@gmail.com,05629037166,AdelynMartin123,1928,8
188,78373884542,Boston,Conley,Conley@gmail.com,05256952590,BostonConley123,1978,3
189,47187019845,Nylah,Pineda,Pineda@gmail.com,05261759747,NylahPineda123,1928,6
190,87930716492,Sienna,Mckay,Mckay@gmail.com,05687939585,SiennaMckay123,1944,0
191,19250232876,Skyla,Copeland,Copeland@gmail.com,05531000667,SkylaCopeland123,1955,5
192,99474034891,Baylee,Baldwin,Baldwin@gmail.com,05434381798,BayleeBaldwin123,1959,5
193,41113748660,Ryan,Blackwell,Blackwell@gmail.com,05913101458,RyanBlackwell123,1973,2
194,26486794753,Anahi,Patel,Patel@gmail.com,05687259045,AnahiPatel123,1980,6
195,52122468961,Celeste,Blackburn,Blackburn@gmail.com,05169895877,CelesteBlackburn123,1966,2
196,58073650307,Camryn,Watts,Watts@gmail.com,05532553833,CamrynWatts123,1985,0
197,49332724706,Gordon,Stout,Stout@gmail.com,05994328237,GordonStout123,1961,7
198,24764876660,Mollie,Vang,Vang@gmail.com,05427716930,MollieVang123,1954,0
199,52560330315,Josh,Fuller,Fuller@gmail.com,05212494586,JoshFuller123,1931,4
200,70394204433,Litzy,Swanson,Swanson@gmail.com,05167729711,LitzySwanson123,1920,9
201,66286254853,Mary,Guzman,Guzman@gmail.com,05855627801,MaryGuzman123,1976,0
202,12900121793,Yusuf,Abbott,Abbott@gmail.com,05847167079,YusufAbbott123,1947,9
203,13184653516,Bryant,Mccall,Mccall@gmail.com,05956165059,BryantMccall123,1939,2
204,19868128823,Macy,Pratt,Pratt@gmail.com,05663985749,MacyPratt123,1962,3
205,20238073509,Jaelynn,Moreno,Moreno@gmail.com,05317075930,JaelynnMoreno123,1938,4
206,67984421836,Zaid,Andrews,Andrews@gmail.com,05111701811,ZaidAndrews123,1978,4
207,63382253837,Quintin,Richards,Richards@gmail.com,05312243322,QuintinRichards123,1946,3
208,18731363220,Henry,Berger,Berger@gmail.com,05206889673,HenryBerger123,1932,9
209,45872340610,Mckenzie,Johns,Johns@gmail.com,05323560380,MckenzieJohns123,1975,7
210,23202798540,Rylie,Jordan,Jordan@gmail.com,05494014887,RylieJordan123,1984,10
211,24521182814,Belen,Torres,Torres@gmail.com,05991287508,BelenTorres123,1952,8
212,38523383387,Brett,Cross,Cross@gmail.com,05550899220,BrettCross123,1957,6
213,59991554783,Aspen,Keith,Keith@gmail.com,05541741105,AspenKeith123,1921,8
214,53709779194,Jimena,Chung,Chung@gmail.com,05344905828,JimenaChung123,1938,9
215,45914441709,Samir,Schmidt,Schmidt@gmail.com,05706704136,SamirSchmidt123,1930,7
216,15547178135,Allisson,Ward,Ward@gmail.com,05206243870,AllissonWard123,1919,4
217,13717715768,Jerome,Huerta,Huerta@gmail.com,05720319317,JeromeHuerta123,1969,4
218,54664868866,Dominik,Huber,Huber@gmail.com,05830833934,DominikHuber123,1922,3
219,88688867030,Enzo,Ryan,Ryan@gmail.com,05462483975,EnzoRyan123,1981,9
220,20749688135,Ayana,Hogan,Hogan@gmail.com,05487727918,AyanaHogan123,1921,0
221,46014623183,Ella,Mckinney,Mckinney@gmail.com,05768593861,EllaMckinney123,1933,2
222,51786259731,Bridger,Curry,Curry@gmail.com,05564049775,BridgerCurry123,1921,10
223,51929826780,Darrell,Watkins,Watkins@gmail.com,05831256903,DarrellWatkins123,1972,10
224,87162668251,Meadow,Munoz,Munoz@gmail.com,05478169320,MeadowMunoz123,1977,2
225,39326748805,Chase,Moore,Moore@gmail.com,05676809653,ChaseMoore123,1950,6
226,61012901643,America,Conrad,Conrad@gmail.com,05484622944,AmericaConrad123,1944,0
227,40276357230,Asher,Mcguire,Mcguire@gmail.com,05114867392,AsherMcguire123,1948,7
228,30568387872,Jessica,Garcia,Garcia@gmail.com,05631489031,JessicaGarcia123,1969,6
229,10883512963,Haiden,Gilmore,Gilmore@gmail.com,05320884795,HaidenGilmore123,1933,9
230,53374542981,Alani,Ramos,Ramos@gmail.com,05933099821,AlaniRamos123,1932,10
231,37893463936,Micah,Mendoza,Mendoza@gmail.com,05730181765,MicahMendoza123,1953,10
232,99461151754,Anthony,Haas,Haas@gmail.com,05539749554,AnthonyHaas123,1921,3
233,42524656363,Titus,Allison,Allison@gmail.com,05941167254,TitusAllison123,1954,1
234,27558625467,Faith,Frederick,Frederick@gmail.com,05439259986,FaithFrederick123,1927,5
235,54234708133,Molly,Randolph,Randolph@gmail.com,05375016153,MollyRandolph123,1918,8
236,54722268167,Mariah,Burgess,Burgess@gmail.com,05111891610,MariahBurgess123,1987,5
237,15877406843,Kara,Eaton,Eaton@gmail.com,05219614529,KaraEaton123,1929,4
238,30684815819,Maryjane,Hudson,Hudson@gmail.com,05702451151,MaryjaneHudson123,1982,2
239,38577431254,Evan,Miles,Miles@gmail.com,05812511053,EvanMiles123,1942,6
240,56424173390,Giovanna,Mccoy,Mccoy@gmail.com,05790439668,GiovannaMccoy123,1956,5
241,88516430972,Tanner,Andrade,Andrade@gmail.com,05526550821,TannerAndrade123,1951,9
242,39800295693,Marina,Baxter,Baxter@gmail.com,05761939764,MarinaBaxter123,1977,4
243,54952527432,Sloane,Bowman,Bowman@gmail.com,05904966171,SloaneBowman123,1944,2
244,48275969872,Gianna,Hubbard,Hubbard@gmail.com,05942765411,GiannaHubbard123,1930,0
245,57378855990,Mason,Vincent,Vincent@gmail.com,05957701967,MasonVincent123,1918,2
246,73393875232,Jadiel,Aguilar,Aguilar@gmail.com,05784836099,JadielAguilar123,1938,0
247,52464397279,Tessa,Wolf,Wolf@gmail.com,05747534519,TessaWolf123,1983,1
248,42015536188,Kylie,Black,Black@gmail.com,05434011350,KylieBlack123,1985,3
249,14651695752,Jaeden,Sullivan,Sullivan@gmail.com,05734046785,JaedenSullivan123,1919,7
250,44234929772,Lydia,Turner,Turner@gmail.com,05703396155,LydiaTurner123,1925,5
251,11746816798,Lilianna,Duncan,Duncan@gmail.com,05511040220,LiliannaDuncan123,1927,3
252,62921390738,Branson,Best,Best@gmail.com,05802564547,BransonBest123,1961,9
253,51769516990,Abbigail,Bush,Bush@gmail.com,05368819213,AbbigailBush123,1948,0
254,60376392182,Kimberly,Gutierrez,Gutierrez@gmail.com,05918854525,KimberlyGutierrez123,1931,3
255,22848810474,Adalyn,Hammond,Hammond@gmail.com,05616411081,AdalynHammond123,1927,2
256,23520367043,Dillan,Oliver,Oliver@gmail.com,05425438097,DillanOliver123,1918,6
257,42136489523,Talia,Doyle,Doyle@gmail.com,05665318756,TaliaDoyle123,1960,4
258,13434525751,Nikhil,Conway,Conway@gmail.com,05769699967,NikhilConway123,1975,1
259,87453854790,Kathleen,Ashley,Ashley@gmail.com,05518268733,KathleenAshley123,1918,10
260,92594606524,Haley,Michael,Michael@gmail.com,05400450882,HaleyMichael123,1974,7
261,10350019774,Jerry,Mclean,Mclean@gmail.com,05556672681,JerryMclean123,1977,0
262,66539676859,Cortez,Zuniga,Zuniga@gmail.com,05149305011,CortezZuniga123,1918,10
263,58104208843,Gwendolyn,Miller,Miller@gmail.com,05570754357,GwendolynMiller123,1926,1
264,76006031064,Lizbeth,Garrett,Garrett@gmail.com,05362856348,LizbethGarrett123,1982,8
265,47509974808,Randall,Robbins,Robbins@gmail.com,05197524392,RandallRobbins123,1919,10
266,45104607981,Brenden,Higgins,Higgins@gmail.com,05550962827,BrendenHiggins123,1969,2
267,55082882711,Emilee,Klein,Klein@gmail.com,05606329825,EmileeKlein123,1922,8
268,94394042309,Jordyn,Vargas,Vargas@gmail.com,05673144706,JordynVargas123,1980,4
269,45209482268,Aydin,Cruz,Cruz@gmail.com,05431337641,AydinCruz123,1929,8
270,34409871166,Ashton,Lindsey,Lindsey@gmail.com,05873802509,AshtonLindsey123,1949,3
271,18939506528,Lincoln,Gamble,Gamble@gmail.com,05265175192,LincolnGamble123,1929,8
272,58744599960,Dana,Cain,Cain@gmail.com,05206631870,DanaCain123,1918,5
273,57044764502,Emilie,Kidd,Kidd@gmail.com,05730017388,EmilieKidd123,1923,0
274,50982452072,Tucker,Massey,Massey@gmail.com,05858120986,TuckerMassey123,1933,10
275,75369218365,Rhianna,Poole,Poole@gmail.com,05596771144,RhiannaPoole123,1972,7
276,98667749476,Porter,Acevedo,Acevedo@gmail.com,05602702061,PorterAcevedo123,1961,9
277,74736202752,Kayla,Arnold,Arnold@gmail.com,05261639309,KaylaArnold123,1986,1
278,72681568576,Aydan,Trevino,Trevino@gmail.com,05652792009,AydanTrevino123,1969,1
279,89214584248,Rory,Crawford,Crawford@gmail.com,05814370691,RoryCrawford123,1974,4
280,41446871782,Vivian,Meza,Meza@gmail.com,05927517424,VivianMeza123,1934,4
281,18699631607,Maximillian,Rivers,Rivers@gmail.com,05376005552,MaximillianRivers123,1985,6
282,56283254686,Ciara,Moran,Moran@gmail.com,05498671769,CiaraMoran123,1918,9
283,97139325108,Cristofer,Sandoval,Sandoval@gmail.com,05783245645,CristoferSandoval123,1958,8
284,94068797046,Jefferson,Robertson,Robertson@gmail.com,05150800815,JeffersonRobertson123,1982,7
285,60168762965,Julie,Rosario,Rosario@gmail.com,05567954400,JulieRosario123,1937,2
286,21335193494,Craig,Ortiz,Ortiz@gmail.com,05413105339,CraigOrtiz123,1969,8
287,99951721916,Isai,Villarreal,Villarreal@gmail.com,05147952635,IsaiVillarreal123,1929,8
288,89349725587,Damion,Powers,Powers@gmail.com,05517328066,DamionPowers123,1958,2
289,89109342425,Ryan,Fernandez,Fernandez@gmail.com,05873521442,RyanFernandez123,1958,7
290,81741459022,Cason,Murphy,Murphy@gmail.com,05115051988,CasonMurphy123,1932,8
291,16780179934,Charles,Herrera,Herrera@gmail.com,05950510665,CharlesHerrera123,1973,7
292,20311944405,Madilyn,Hunt,Hunt@gmail.com,05712880405,MadilynHunt123,1980,2
293,62196934298,Vanessa,Kennedy,Kennedy@gmail.com,05415094427,VanessaKennedy123,1977,0
294,98822881146,Jaylan,Lawrence,Lawrence@gmail.com,05152033295,JaylanLawrence123,1934,2
295,90953473473,Noah,Carey,Carey@gmail.com,05630253169,NoahCarey123,1923,0
296,92492303967,Chaz,Bradley,Bradley@gmail.com,05602672218,ChazBradley123,1926,2
297,27679864041,Priscilla,Gillespie,Gillespie@gmail.com,05169898235,PriscillaGillespie123,1943,3
298,51657438348,Deegan,Davis,Davis@gmail.com,05708416043,DeeganDavis123,1958,6
299,28559953504,Julianna,Crosby,Crosby@gmail.com,05218159820,JuliannaCrosby123,1981,4
300,48615322751,Maurice,Shaw,Shaw@gmail.com,05102353458,MauriceShaw123,1940,7
301,67955914231,Kennedi,Buckley,Buckley@gmail.com,05121857317,KennediBuckley123,1945,0
302,86113286920,Roger,Valencia,Valencia@gmail.com,05849909388,RogerValencia123,1940,6
303,25330290020,Romeo,Mckee,Mckee@gmail.com,05462332194,RomeoMckee123,1925,9
304,64518904212,Addison,Hahn,Hahn@gmail.com,05403888061,AddisonHahn123,1959,3
305,16161196283,Michaela,Valdez,Valdez@gmail.com,05392950825,MichaelaValdez123,1939,9
306,85323687398,Julianne,Ramirez,Ramirez@gmail.com,05955226841,JulianneRamirez123,1918,8
307,76949773380,Journey,Edwards,Edwards@gmail.com,05625657648,JourneyEdwards123,1921,7
308,38112483829,Jake,Hoover,Hoover@gmail.com,05773592540,JakeHoover123,1941,10
309,55551176134,Makena,Holloway,Holloway@gmail.com,05655936782,MakenaHolloway123,1922,4
310,70959263290,Uriel,Garrison,Garrison@gmail.com,05927271992,UrielGarrison123,1929,3
311,93323999976,Linda,Mora,Mora@gmail.com,05527435245,LindaMora123,1931,8
312,98978553708,Jazmyn,Cherry,Cherry@gmail.com,05500921120,JazmynCherry123,1940,8
313,52709331288,Cornelius,Adkins,Adkins@gmail.com,05815427364,CorneliusAdkins123,1940,2
314,16842558953,Selah,Gordon,Gordon@gmail.com,05677456889,SelahGordon123,1926,3
315,99752082019,Denisse,Chan,Chan@gmail.com,05366091929,DenisseChan123,1975,4
316,16518273622,Yadiel,Sanders,Sanders@gmail.com,05820204550,YadielSanders123,1973,1
317,22320791667,Shayla,Shaffer,Shaffer@gmail.com,05938358216,ShaylaShaffer123,1948,5
318,40584818494,Nadia,Walton,Walton@gmail.com,05498349399,NadiaWalton123,1924,4
319,77261972325,Marcus,Burns,Burns@gmail.com,05145092713,MarcusBurns123,1947,2
320,16775022043,Alexus,Long,Long@gmail.com,05780981896,AlexusLong123,1968,2
321,11147412728,Ava,Stanley,Stanley@gmail.com,05661114045,AvaStanley123,1945,0
322,44278409876,Kiersten,Castro,Castro@gmail.com,05580571731,KierstenCastro123,1974,1
323,96292334395,Marin,Leblanc,Leblanc@gmail.com,05690909518,MarinLeblanc123,1959,5
324,26264271837,Halle,Stuart,Stuart@gmail.com,05959317078,HalleStuart123,1983,1
325,79355429509,Jasper,Hansen,Hansen@gmail.com,05596268391,JasperHansen123,1977,3
326,67039936605,Camron,Mckenzie,Mckenzie@gmail.com,05386143493,CamronMckenzie123,1929,9
327,95153892198,Rylee,Steele,Steele@gmail.com,05372206168,RyleeSteele123,1943,7
328,47192628265,Abbie,Fisher,Fisher@gmail.com,05810793084,AbbieFisher123,1937,8
329,31693178463,Keyon,Harmon,Harmon@gmail.com,05492177949,KeyonHarmon123,1946,2
330,26276110957,Glenn,Murray,Murray@gmail.com,05995247654,GlennMurray123,1983,1
331,57129453934,Abbey,Ellis,Ellis@gmail.com,05998157479,AbbeyEllis123,1978,2
332,37693359408,Tripp,Floyd,Floyd@gmail.com,05283658929,TrippFloyd123,1984,8
333,93341789819,Leandro,Stafford,Stafford@gmail.com,05190596042,LeandroStafford123,1937,3
334,44656743524,Ingrid,Payne,Payne@gmail.com,05847542658,IngridPayne123,1953,3
335,23268415306,Griffin,Solis,Solis@gmail.com,05961607619,GriffinSolis123,1980,6
336,68941534217,Willow,James,James@gmail.com,05550374484,WillowJames123,1963,3
337,95071083575,Veronica,Mosley,Mosley@gmail.com,05995461746,VeronicaMosley123,1961,1
338,95081356150,Nathen,Page,Page@gmail.com,05845951652,NathenPage123,1947,8
339,37841511985,Elena,Morris,Morris@gmail.com,05878193329,ElenaMorris123,1984,5
340,69712118048,Remington,Hicks,Hicks@gmail.com,05687468181,RemingtonHicks123,1981,1
341,11944050180,Princess,Maxwell,Maxwell@gmail.com,05287877663,PrincessMaxwell123,1940,2
342,92534566748,Layla,Koch,Koch@gmail.com,05606084231,LaylaKoch123,1937,3
343,11982366665,Carlee,Logan,Logan@gmail.com,05782951509,CarleeLogan123,1963,6
344,40674179704,Immanuel,Glass,Glass@gmail.com,05973885411,ImmanuelGlass123,1980,4
345,48810851192,Ashley,Francis,Francis@gmail.com,05260944222,AshleyFrancis123,1981,6
346,82514353412,Nico,Schmitt,Schmitt@gmail.com,05315217629,NicoSchmitt123,1924,4
347,16830521795,Braedon,Mcgrath,Mcgrath@gmail.com,05220606924,BraedonMcgrath123,1956,8
348,42438820477,Messiah,Rose,Rose@gmail.com,05344505473,MessiahRose123,1986,4
349,99960287099,Davion,Warren,Warren@gmail.com,05295971262,DavionWarren123,1974,0
350,18488243488,Jaliyah,Daniels,Daniels@gmail.com,05167077933,JaliyahDaniels123,1974,4
351,49255581071,Blaine,Valenzuela,Valenzuela@gmail.com,05221908963,BlaineValenzuela123,1928,1
352,10545989174,Jaylyn,Vaughn,Vaughn@gmail.com,05254587520,JaylynVaughn123,1932,5
353,90311985790,Gauge,Fleming,Fleming@gmail.com,05629517652,GaugeFleming123,1965,5
354,99691157713,Noelle,Chen,Chen@gmail.com,05305383933,NoelleChen123,1964,1
355,15548792677,Albert,Webb,Webb@gmail.com,05891619943,AlbertWebb123,1932,2
356,66317664187,Alma,Stone,Stone@gmail.com,05207875594,AlmaStone123,1919,8
357,56207471377,Anderson,Zavala,Zavala@gmail.com,05613775765,AndersonZavala123,1979,8
358,37268810988,Lamont,Howard,Howard@gmail.com,05889788716,LamontHoward123,1922,0
359,95446220204,Patricia,Hodge,Hodge@gmail.com,05931448500,PatriciaHodge123,1957,1
360,76896624946,Guadalupe,Rivera,Rivera@gmail.com,05540078888,GuadalupeRivera123,1953,7
361,48741851257,Antonio,Weiss,Weiss@gmail.com,05294174911,AntonioWeiss123,1950,6
362,89343212556,Haylie,Solomon,Solomon@gmail.com,05716704962,HaylieSolomon123,1956,0
363,26978614017,Joanna,Gates,Gates@gmail.com,05900419526,JoannaGates123,1950,5
364,80316956887,Chloe,Cobb,Cobb@gmail.com,05185149072,ChloeCobb123,1938,5
365,52193623965,Charlotte,Rocha,Rocha@gmail.com,05238841214,CharlotteRocha123,1978,6
366,98719708441,Stacy,Gray,Gray@gmail.com,05278058573,StacyGray123,1931,2
367,44493470499,Ronnie,Scott,Scott@gmail.com,05109720376,RonnieScott123,1944,7
368,11034051650,Melvin,Jennings,Jennings@gmail.com,05934362404,MelvinJennings123,1986,9
369,95389494558,Cohen,Chaney,Chaney@gmail.com,05175897064,CohenChaney123,1961,8
370,66709313024,Lyric,Boyd,Boyd@gmail.com,05659532199,LyricBoyd123,1926,4
371,92872174502,Jayden,Brock,Brock@gmail.com,05378780955,JaydenBrock123,1968,6
372,99464902131,Caleb,Mann,Mann@gmail.com,05414457740,CalebMann123,1934,6
373,22259561678,Asia,Roman,Roman@gmail.com,05255878295,AsiaRoman123,1976,2
374,39184728939,Luis,Chambers,Chambers@gmail.com,05915293432,LuisChambers123,1939,9
375,86585128226,Janiah,Gay,Gay@gmail.com,05732385459,JaniahGay123,1982,9
376,73771266873,Leonidas,Khan,Khan@gmail.com,05649818175,LeonidasKhan123,1968,10
377,26055861033,Sonny,Stokes,Stokes@gmail.com,05817803220,SonnyStokes123,1955,1
378,19976886553,Derrick,Kline,Kline@gmail.com,05515776300,DerrickKline123,1984,0
379,27056245922,Anya,Sims,Sims@gmail.com,05325353995,AnyaSims123,1969,7
380,85994627903,Lorenzo,Holden,Holden@gmail.com,05189136619,LorenzoHolden123,1977,7
381,89221851568,Olivia,Dawson,Dawson@gmail.com,05411525345,OliviaDawson123,1923,3
382,92950193294,Zack,Burke,Burke@gmail.com,05359707410,ZackBurke123,1933,5
383,93918507549,Amirah,Hancock,Hancock@gmail.com,05187943466,AmirahHancock123,1926,10
384,50523865243,Jada,Tanner,Tanner@gmail.com,05843881197,JadaTanner123,1951,0
385,94758227738,Devon,Travis,Travis@gmail.com,05208258175,DevonTravis123,1946,6
386,51826469281,Raegan,Lee,Lee@gmail.com,05315139963,RaeganLee123,1978,8
387,23420596780,Clara,Estes,Estes@gmail.com,05935443447,ClaraEstes123,1948,2
388,78859985438,Fernanda,Oconnell,Oconnell@gmail.com,05872994421,FernandaOconnell123,1966,1
389,34351232642,Judith,Hendrix,Hendrix@gmail.com,05995181798,JudithHendrix123,1930,2
390,11857460915,Yaretzi,Waller,Waller@gmail.com,05594927083,YaretziWaller123,1939,5
391,47055972487,Lilliana,Watson,Watson@gmail.com,05805596020,LillianaWatson123,1920,10
392,12285652559,Kailyn,Cowan,Cowan@gmail.com,05995269997,KailynCowan123,1921,9
393,22012031134,Angelique,Barnes,Barnes@gmail.com,05134302440,AngeliqueBarnes123,1919,1
394,78058255505,Aracely,Cuevas,Cuevas@gmail.com,05640785658,AracelyCuevas123,1924,7
395,10062694420,Tristan,Avery,Avery@gmail.com,05652462860,TristanAvery123,1970,6
396,40195641206,Kyson,Ellison,Ellison@gmail.com,05614868497,KysonEllison123,1981,5
397,32520628805,Grady,Odom,Odom@gmail.com,05388757320,GradyOdom123,1978,0
398,82910671159,Vance,Larsen,Larsen@gmail.com,05426448990,VanceLarsen123,1948,10
399,21061699361,Jaidyn,Woods,Woods@gmail.com,05842594744,JaidynWoods123,1944,9
400,30532708128,Karson,Houston,Houston@gmail.com,05607133175,KarsonHouston123,1985,9
401,55248409981,Mario,Banks,Banks@gmail.com,05219371608,MarioBanks123,1963,7
402,52923976092,Carl,Pope,Pope@gmail.com,05638676414,CarlPope123,1922,9
403,53660677679,Erica,Thompson,Thompson@gmail.com,05306805065,EricaThompson123,1950,4
404,55628837147,Emmett,Stein,Stein@gmail.com,05440678782,EmmettStein123,1987,1
405,94767525807,Paul,Blanchard,Blanchard@gmail.com,05461307928,PaulBlanchard123,1957,5
406,85924437752,Lola,Deleon,Deleon@gmail.com,05603222459,LolaDeleon123,1976,7
407,92636704172,Cyrus,Sellers,Sellers@gmail.com,05291225971,CyrusSellers123,1967,4
408,42720606584,Pamela,Dorsey,Dorsey@gmail.com,05996413498,PamelaDorsey123,1975,3
409,43540706148,Madeline,Humphrey,Humphrey@gmail.com,05399262741,MadelineHumphrey123,1979,2
410,29368613716,Terrell,Burton,Burton@gmail.com,05209466119,TerrellBurton123,1927,0
411,45422134728,Alijah,Ewing,Ewing@gmail.com,05599309440,AlijahEwing123,1955,1
412,17698860253,Ray,Cannon,Cannon@gmail.com,05199049454,RayCannon123,1963,0
413,36410751047,Zara,Williams,Williams@gmail.com,05411092207,ZaraWilliams123,1979,8
414,13927281713,Graham,Mcbride,Mcbride@gmail.com,05627353179,GrahamMcbride123,1966,0
415,96022883049,Arthur,Wilcox,Wilcox@gmail.com,05397655416,ArthurWilcox123,1986,5
416,57153984357,Erin,Bonilla,Bonilla@gmail.com,05408140994,ErinBonilla123,1938,3
417,51786107265,Omar,Robles,Robles@gmail.com,05232176550,OmarRobles123,1951,6
418,48205329868,Angie,Contreras,Contreras@gmail.com,05801282397,AngieContreras123,1937,10
419,81569875170,Rocco,Hopkins,Hopkins@gmail.com,05614197881,RoccoHopkins123,1930,8
420,49278731449,Lisa,Aguirre,Aguirre@gmail.com,05520822896,LisaAguirre123,1925,2
421,36118321140,Iyana,Gaines,Gaines@gmail.com,05891877802,IyanaGaines123,1978,2
422,98767969100,Nicholas,Marquez,Marquez@gmail.com,05857692561,NicholasMarquez123,1980,4
423,45215999887,Raul,Mejia,Mejia@gmail.com,05545954925,RaulMejia123,1982,4
424,13674249579,Jadyn,Wise,Wise@gmail.com,05897311374,JadynWise123,1964,2
425,50748115388,Camila,Liu,Liu@gmail.com,05283718554,CamilaLiu123,1929,4
426,63783492499,Lorelei,Brennan,Brennan@gmail.com,05742391043,LoreleiBrennan123,1983,10
427,62181023428,Teresa,Bruce,Bruce@gmail.com,05828378362,TeresaBruce123,1960,4
428,22887472288,Seth,Combs,Combs@gmail.com,05699187842,SethCombs123,1960,10
429,75974414319,Savanna,Ponce,Ponce@gmail.com,05266655596,SavannaPonce123,1961,2
430,72533923131,Finn,Ayers,Ayers@gmail.com,05325073703,FinnAyers123,1966,6
431,81013821015,Chris,Benson,Benson@gmail.com,05454903285,ChrisBenson123,1921,3
432,93865075361,Cassidy,Hart,Hart@gmail.com,05264840822,CassidyHart123,1921,8
433,87849715149,Mila,Prince,Prince@gmail.com,05695217828,MilaPrince123,1984,2
434,97637151903,Maren,Huff,Huff@gmail.com,05904564973,MarenHuff123,1987,6
435,55944736556,Johnathan,Lynch,Lynch@gmail.com,05489705040,JohnathanLynch123,1971,3
436,10422116216,Jaylee,Dunn,Dunn@gmail.com,05746659502,JayleeDunn123,1928,8
437,17148240276,Gianni,Forbes,Forbes@gmail.com,05790143275,GianniForbes123,1988,10
438,68163184283,Madeleine,Fuentes,Fuentes@gmail.com,05127458448,MadeleineFuentes123,1973,6
439,41844290628,Dillon,Joseph,Joseph@gmail.com,05191944714,DillonJoseph123,1939,6
440,70916154433,Yasmine,Snyder,Snyder@gmail.com,05259373600,YasmineSnyder123,1982,6
441,85185843445,Markus,Villa,Villa@gmail.com,05735978447,MarkusVilla123,1937,9
442,74275080075,Jan,Bell,Bell@gmail.com,05562132534,JanBell123,1925,0
443,30991246032,Dominick,Adams,Adams@gmail.com,05651169328,DominickAdams123,1920,10
444,85685138847,Ronald,Hamilton,Hamilton@gmail.com,05296619571,RonaldHamilton123,1975,8
445,89772407762,Kyler,Larson,Larson@gmail.com,05636948874,KylerLarson123,1937,6
446,72326536044,Abagail,Petty,Petty@gmail.com,05895327043,AbagailPetty123,1939,5
447,27638993864,Sydney,Douglas,Douglas@gmail.com,05488439070,SydneyDouglas123,1943,8
448,66947767075,Trenton,Figueroa,Figueroa@gmail.com,05709452842,TrentonFigueroa123,1961,7
449,86096234386,Wade,Walls,Walls@gmail.com,05512188845,WadeWalls123,1936,6
450,29245745088,Aaliyah,Macdonald,Macdonald@gmail.com,05134944041,AaliyahMacdonald123,1987,4
451,55911179575,Skye,Nielsen,Nielsen@gmail.com,05194239080,SkyeNielsen123,1937,8
452,22448903741,Essence,Vazquez,Vazquez@gmail.com,05598734525,EssenceVazquez123,1957,10
453,76991764495,Luna,Walsh,Walsh@gmail.com,05128980254,LunaWalsh123,1956,2
454,43524980181,Ashlyn,Kaufman,Kaufman@gmail.com,05815196760,AshlynKaufman123,1967,7
455,24437252338,Aliza,Carney,Carney@gmail.com,05725895346,AlizaCarney123,1919,4
456,37229281892,Alyssa,Alvarez,Alvarez@gmail.com,05515739825,AlyssaAlvarez123,1964,9
457,14268170812,Amaya,Cole,Cole@gmail.com,05830280308,AmayaCole123,1948,3
458,65780292756,Roman,Mendez,Mendez@gmail.com,05468701327,RomanMendez123,1981,4
459,95474440304,Krista,Barron,Barron@gmail.com,05500064263,KristaBarron123,1932,8
460,55511428571,Preston,Moses,Moses@gmail.com,05880815774,PrestonMoses123,1922,7
461,99949315014,Bryson,Gregory,Gregory@gmail.com,05356771391,BrysonGregory123,1987,1
462,79555214250,Kevin,Stephens,Stephens@gmail.com,05693460095,KevinStephens123,1944,2
463,27081011317,Jasiah,Santiago,Santiago@gmail.com,05926446379,JasiahSantiago123,1925,4
464,86197256357,August,Weaver,Weaver@gmail.com,05677447097,AugustWeaver123,1966,4
465,17008618185,Sidney,Frank,Frank@gmail.com,05105532807,SidneyFrank123,1945,1
466,47809334054,Raina,Sexton,Sexton@gmail.com,05460452425,RainaSexton123,1966,5
467,36931245940,Talon,Yang,Yang@gmail.com,05127385352,TalonYang123,1981,8
468,63049815629,Alexzander,Harrington,Harrington@gmail.com,05558601553,AlexzanderHarrington123,1980,3
469,13673874233,Eduardo,Clayton,Clayton@gmail.com,05224531583,EduardoClayton123,1942,5
470,97703562554,Jazlynn,Bautista,Bautista@gmail.com,05975536217,JazlynnBautista123,1941,2
471,77591488020,Chelsea,Harrison,Harrison@gmail.com,05836112021,ChelseaHarrison123,1976,2
472,17152404261,Amira,Wiley,Wiley@gmail.com,05535668231,AmiraWiley123,1984,3
473,31623847615,Savion,Rasmussen,Rasmussen@gmail.com,05569076164,SavionRasmussen123,1945,0
474,10506116345,Livia,Lam,Lam@gmail.com,05534963720,LiviaLam123,1974,6
475,99363777486,Ivan,Williamson,Williamson@gmail.com,05823125408,IvanWilliamson123,1960,3
476,79761749318,Andrea,Vega,Vega@gmail.com,05889279991,AndreaVega123,1988,6
477,22814123602,Shamar,Calderon,Calderon@gmail.com,05293657378,ShamarCalderon123,1956,0
478,20617735010,Daphne,Guerrero,Guerrero@gmail.com,05127672663,DaphneGuerrero123,1987,5
479,57912583610,Nickolas,Lane,Lane@gmail.com,05127988647,NickolasLane123,1927,6
480,80467771396,Adriel,Sheppard,Sheppard@gmail.com,05163676550,AdrielSheppard123,1954,4
481,24977348245,Casey,Padilla,Padilla@gmail.com,05577911928,CaseyPadilla123,1951,8
482,69532516895,Hector,Leonard,Leonard@gmail.com,05218166921,HectorLeonard123,1921,5
483,93926736656,Maria,Garza,Garza@gmail.com,05412765785,MariaGarza123,1982,8
484,36954069236,Bailey,Skinner,Skinner@gmail.com,05136611618,BaileySkinner123,1938,8
485,13089907309,Damarion,Walker,Walker@gmail.com,05295718939,DamarionWalker123,1947,4
486,71487047032,Konner,Taylor,Taylor@gmail.com,05905263194,KonnerTaylor123,1984,3
487,10525866149,Ariana,Werner,Werner@gmail.com,05244126777,ArianaWerner123,1931,6
488,30725114678,Gilbert,Romero,Romero@gmail.com,05548732856,GilbertRomero123,1982,2
489,57962269380,Dwayne,Whitaker,Whitaker@gmail.com,05997430835,DwayneWhitaker123,1940,4
490,98736014504,Adelaide,Hanson,Hanson@gmail.com,05452816904,AdelaideHanson123,1984,3
491,50698239429,Landon,Perez,Perez@gmail.com,05365102338,LandonPerez123,1940,3
492,11841697261,Ana,Frye,Frye@gmail.com,05531396026,AnaFrye123,1986,4
493,49660375889,Alfred,Christensen,Christensen@gmail.com,05482774813,AlfredChristensen123,1967,4
494,45940262454,Isiah,Melton,Melton@gmail.com,05166349221,IsiahMelton123,1929,3
495,97830118302,Kaydence,Hensley,Hensley@gmail.com,05261857410,KaydenceHensley123,1945,7
496,30599809573,Tristin,Cabrera,Cabrera@gmail.com,05853236868,TristinCabrera123,1972,7
497,56765245604,Thomas,Evans,Evans@gmail.com,05507803669,ThomasEvans123,1960,1
498,38657263391,Nathanael,Cummings,Cummings@gmail.com,05719180789,NathanaelCummings123,1943,9
499,96909981189,Malik,Perkins,Perkins@gmail.com,05616660791,MalikPerkins123,1934,8
500,31773174161,Janiya,Oneal,Oneal@gmail.com,05200821982,JaniyaOneal123,1952,5
